Handle,Title,Body (HTML),Vendor,Product Category,Type,Tags,Published,Option1 Name,Option1 Value,Option1 Linked To,Option2 Name,Option2 Value,Option2 Linked To,Option3 Name,Option3 Value,Option3 Linked To,Variant SKU,Variant Grams,Variant Inventory Tracker,Variant Inventory Policy,Variant Fulfillment Service,Variant Price,Variant Compare At Price,Variant Requires Shipping,Variant Taxable,Variant Barcode,Image Src,Image Position,Image Alt Text,Gift Card,SEO Title,SEO Description,Google Shopping / Google Product Category,Google Shopping / Gender,Google Shopping / Age Group,Google Shopping / MPN,Google Shopping / Condition,Google Shopping / Custom Product,Google Shopping / Custom Label 0,Google Shopping / Custom Label 1,Google Shopping / Custom Label 2,Google Shopping / Custom Label 3,Google Shopping / Custom Label 4,Variant Image,Variant Weight Unit,Variant Tax Code,Cost per item,Included / India,Price / India,Compare At Price / India,Status
0399_swim_goggles,"Swimming Goggles with Ear & Nose Plugs, Adjustable, Anti-Fog & Waterproof","<strong>0399 Swimming Goggles With Ear And Nose Plug Adjustable Clear Vision Anti-Fog Waterproof<br></strong><span data-mce-fragment=""1""><br><strong>Description :- </strong><br></span>
<ul class=""a-unordered-list a-vertical a-spacing-mini"">
<li><span class=""a-list-item"">Leak-proof swim goggles: the swimming goggles have a cushioned double seal design around your eyes, so you don't have to worry about water leaking in, you can go ahead and enjoy swimming more<br><br></span></li>
<li><span class=""a-list-item"">Easy to adjust: the quick adjust straps can be easily adjusted by kids or parents, just press the clasp and pull the strap to fit; The elastic head strap can stretch strongly without breaking and is able to fit most kids' head sizes; Children can stand on their own feet and adjust the strap by themselves<br><br></span></li>
<li><span class=""a-list-item"">Flexible swimming glasses: soft and elastic silicone, adjustable and easy to wear or release quickly, flexible silicone frame with nose piece provides more comfort on the face<br><br></span></li>
<li><span class=""a-list-item"">Quality material: made from odorless and anti-sensitive silicone, the goggles are latex and PVC-free, which is especially recommended for your children; Give your children these goggles that can stay steadily during each and every water-based activity</span></li>
</ul>
<p><span data-mce-fragment=""1""><br><br><strong>Dimension :- </strong></span></p>
<p><span data-mce-fragment=""1"">         Volu. Weight (Gm) :- 234<br><br>        Product Weight (Gm) :- 48<br><br>        Ship Weight (Gm) :- 234<br><br>        Length (Cm) :- 14<br><br>        Breadth (Cm) :- 20<br><br>       Height (Cm) :- 4<strong><br></strong></span></p>",Shoppinest,Sporting Goods > Outdoor Recreation > Boating & Water Sports > Swimming > Swim Goggles & Masks,"Sports, Fitness & Outdoors","China, Sports, Sports Fitness Bags Luggage, swimming goggles",TRUE,Title,Default Title,,,,,,,,0399_swim_goggles,234,shopify,deny,manual,66,299,TRUE,TRUE,0399_swim_goggles,https://cdn.shopify.com/s/files/1/0782/3284/6646/products/02_41272156-14fc-4918-b226-1cd77257d90c.jpg?v=1737634423,1,Swimming goggles with ear and nose plugs,FALSE,0399 Swimming Goggles  With Ear And Nose Plug Adjustable,0399 Swimming Goggles  With Ear And Nose Plug Adjustable Clear Vision Anti-Fog Waterproof Description :-  Leak-proof swim goggles: - DeoDap,3360,,,,,,,,,,,,g,,,TRUE,,,active
0399_swim_goggles,,,,,,,,,,,,,,,,,,,,,,,,,,,https://cdn.shopify.com/s/files/1/0782/3284/6646/products/01_1d457699-53c3-448e-ada3-38390bdcb102.jpg?v=1737634423,2,Clear vision goggles with adjustable straps,,,,,,,,,,,,,,,,,,,,,,
0399_swim_goggles,,,,,,,,,,,,,,,,,,,,,,,,,,,https://cdn.shopify.com/s/files/1/0782/3284/6646/products/06_bb831d32-039f-4b8d-a8a9-5055bdc10810.jpg?v=1737634423,3,Anti-fog swimming goggles with nose plug,,,,,,,,,,,,,,,,,,,,,,
0399_swim_goggles,,,,,,,,,,,,,,,,,,,,,,,,,,,https://cdn.shopify.com/s/files/1/0782/3284/6646/products/05_b32a4a36-c754-4f29-b5cd-8699604cb56c.jpg?v=1737634423,4,Swimming goggles with adjustable nose piece,,,,,,,,,,,,,,,,,,,,,,
0399_swim_goggles,,,,,,,,,,,,,,,,,,,,,,,,,,,https://cdn.shopify.com/s/files/1/0782/3284/6646/products/03_fe28ac6a-da20-4d61-86b8-e2c939e0a29f.jpg?v=1737634423,5,Close-up of goggles with ear and nose protection,,,,,,,,,,,,,,,,,,,,,,
0399_swim_goggles,,,,,,,,,,,,,,,,,,,,,,,,,,,https://cdn.shopify.com/s/files/1/0782/3284/6646/products/04_a46e3dd3-23fe-4620-ba51-50fd99963240.jpg?v=1737634423,6,Goggles with anti-fog feature and ear plugs,,,,,,,,,,,,,,,,,,,,,,
0399_swim_goggles,,,,,,,,,,,,,,,,,,,,,,,,,,,https://cdn.shopify.com/s/files/1/0782/3284/6646/products/09_32387219-eacf-48a6-8ff7-052d10469b21.jpg?v=1737634423,7,Goggles with adjustable strap and nose plug,,,,,,,,,,,,,,,,,,,,,,
0399_swim_goggles,,,,,,,,,,,,,,,,,,,,,,,,,,,https://cdn.shopify.com/s/files/1/0782/3284/6646/products/07_03fb177e-ab9c-4955-aa22-86bd013dc6f4.jpg?v=1737634424,8,Blue swimming goggles with ear protection,,,,,,,,,,,,,,,,,,,,,,
0399_swim_goggles,,,,,,,,,,,,,,,,,,,,,,,,,,,https://cdn.shopify.com/s/files/1/0782/3284/6646/products/08_b3a80c49-6195-4194-8ef8-e7d4bfc6dc9d.jpg?v=1737634424,9,Adjustable swimming goggles for clear vision,,,,,,,,,,,,,,,,,,,,,,
0399_swim_goggles,,,,,,,,,,,,,,,,,,,,,,,,,,,https://cdn.shopify.com/s/files/1/0782/3284/6646/products/10_d74402f5-d0a0-4a65-a4c0-1b8954253e08.jpg?v=1737634424,10,Swim goggles with ear and nose protection,,,,,,,,,,,,,,,,,,,,,,
0399_swim_goggles,,,,,,,,,,,,,,,,,,,,,,,,,,,https://cdn.shopify.com/s/files/1/0782/3284/6646/products/11_175e67da-5f06-4ff5-9a0c-31af5c48cc88.jpg?v=1737634424,11,Anti-fog goggles with adjustable nose and ear plugs,,,,,,,,,,,,,,,,,,,,,,
wall-mounted-foldable-wash-basin-storage-rack-with-self-adhesive-sticker,Wall-Mounted Foldable Wash Basin Storage Rack with Self-Adhesive Sticker,"<p><strong>Wall Mounted Foldable Wash Basin Storage Rack Shelf Holder Self Adhesive with sticker</strong></p>
<ul class=""a-unordered-list a-vertical a-spacing-mini"">
<li>
<span>This is a storage rack for bathroom and kitchen. It is multifunctional.</span><br>
</li>
<li><span>If you use it in your kitchen, it can hold pot cover, slice, spoon, etc.<br></span></li>
<li><span>If you use it in your bathroom, it can hold the washbasin, bath ball, brush and so on.<br></span></li>
<li><span>It can help you save space. Makes your life more convenient.</span></li>
</ul>
<p><span><strong>Specifications:</strong><br>Dimension: 25 x 6 x 7cm<br>Material: ABS + Steel</span></p>
<p><span><strong>Package Included:</strong><br></span></p>
<ul class=""a-unordered-list a-vertical a-spacing-mini"">
<li><span>1x Wash Basin Storage</span></li>
<li><span>1x Big Sticker</span></li>
<li><span>4 x plastic hook</span></li>
</ul>
<p><span data-mce-fragment=""1""><strong>Dimension :- </strong></span></p>
<p><span data-mce-fragment=""1"">         Volu. Weight (Gm) :- 842<br><br>        Product Weight (Gm) :- 363<br><br>        Ship Weight (Gm) :- 842<br><br>        Length (Cm) :- 27<br><br>        Breadth (Cm) :- 26<br><br>       Height (Cm) :- 6</span></p>
<p><span><br></span></p>
<p> </p>",Shoppinest,Home & Garden > Bathroom Accessories > Bathroom Accessory Sets,Home & Kitchen,"Bathroom Accessories, brown box pack, China, Home Essentials, Kitchen, one time lot product, storage, Storage rack, wall, wall mount, wallpaper sticker",TRUE,Title,Default Title,,,,,,,,7660_cnp_folding_basin_frame,842,shopify,deny,manual,286,299,TRUE,TRUE,7660_cnp_folding_basin_frame,https://cdn.shopify.com/s/files/1/0782/3284/6646/products/02_3dd942d5-9973-438d-a8e7-604e8152c51b.jpg?v=1737634425,1,Foldable wash basin rack in white,FALSE,7660 Wall Mounted Foldable Wash Basin Storage Rack,Wall Mounted Foldable Wash Basin Storage Rack Shelf Holder Self Adhesive with sticker This is a storage rack for bathroom and kitchen. - B&T Kustom Designs,6858,,,,,,,,,,,,g,,,TRUE,,,active
wall-mounted-foldable-wash-basin-storage-rack-with-self-adhesive-sticker,,,,,,,,,,,,,,,,,,,,,,,,,,,https://cdn.shopify.com/s/files/1/0782/3284/6646/products/01_2f220f59-1f52-4f90-9714-39e8385c8905.jpg?v=1737634426,2,Wall mounted wash basin rack in use,,,,,,,,,,,,,,,,,,,,,,
wall-mounted-foldable-wash-basin-storage-rack-with-self-adhesive-sticker,,,,,,,,,,,,,,,,,,,,,,,,,,,https://cdn.shopify.com/s/files/1/0782/3284/6646/products/04_a79cf6ff-39f7-4412-b22f-661e84642821.jpg?v=1737634426,3,Side view of foldable wash basin rack,,,,,,,,,,,,,,,,,,,,,,
wall-mounted-foldable-wash-basin-storage-rack-with-self-adhesive-sticker,,,,,,,,,,,,,,,,,,,,,,,,,,,https://cdn.shopify.com/s/files/1/0782/3284/6646/products/05_527c0a89-224a-4cd4-9896-301ce71f875b.jpg?v=1737634426,4,Wash basin rack with adhesive sticker,,,,,,,,,,,,,,,,,,,,,,
wall-mounted-foldable-wash-basin-storage-rack-with-self-adhesive-sticker,,,,,,,,,,,,,,,,,,,,,,,,,,,https://cdn.shopify.com/s/files/1/0782/3284/6646/products/03_8e7b9009-e064-4b27-bb68-136d2a9dc30c.jpg?v=1737634426,5,Foldable storage rack close-up,,,,,,,,,,,,,,,,,,,,,,
wall-mounted-foldable-wash-basin-storage-rack-with-self-adhesive-sticker,,,,,,,,,,,,,,,,,,,,,,,,,,,https://cdn.shopify.com/s/files/1/0782/3284/6646/files/2a8fa1d2-6ef1-44ec-b658-252e5ed9f298.jpg?v=1737634426,6,Wash basin rack installation guide,,,,,,,,,,,,,,,,,,,,,,
4602-learning-board-2in1-educational-pad-for-kids-musical-board-for-alphabet-abc-learning-toy-play-mat-drawing-with-one-doodle-pen,Learning Board 2in1 - Educational PAD for Kids Musical Board for Alphabet ABC Learning Toy Play Mat & Drawing with One Doodle Pen,"<p><strong>Learning Board 2in1 - Educational PAD for Kids Musical Board for Alphabet ABC Learning Toy Play Mat &amp; Drawing with One Doodle Pen </strong></p>
<ul class=""a-unordered-list a-vertical a-spacing-mini"">
<li><span class=""a-list-item"">Front learning can be used to learn alphabets corresponding with words and their spellings.</span></li>
<li><span class=""a-list-item"">Back side can be used to improve the imaginative sense of the baby by drawing with the doodle pen that comes along with the mat.</span></li>
<li><span class=""a-list-item"">Back side can be used to draw with doodle pen and can be wiped and reused again and again</span></li>
<li><span class=""a-list-item"">Comes along with 7 kinds of learning modes, 45 pieces of cognitive images and 3 songs.</span></li>
<li><span class=""a-list-item"">Includes Alphabets, Spelling, Words, Name of Weeks, Name of Months.</span></li>
</ul>
<p><span class=""a-list-item""><strong>Dimension :- </strong><br><br>           Volu. Weight (Gm) :- 1064<br><br>          Product Weight (Gm) :- 512<br><br>          Ship Weight (Gm) :- 1064<br><br>          Length (Cm) :- 35<br> <br>          Breadth (Cm) :- 38<br><br>          Height (Cm) :- 4<br></span></p>",Shoppinest,Toys & Games > Toys > Educational Toys,Toys & Games,"Birthday Gift, Card Packing, child, China, Education toys, gaming toys, kids, learning and education, Learning Toys, Toys & Games, Toys For Kids",TRUE,Title,Default Title,,,,,,,,4602_2in1_music_playmat,1000,shopify,deny,manual,896,999,TRUE,TRUE,4602_2in1_music_playmat,https://cdn.shopify.com/s/files/1/0782/3284/6646/products/08_c0800827-40bc-4b35-9609-f749767c5568.jpg?v=1737634430,1,"Duck race track with toy ducks, lights, and music",FALSE,4602 Learning Board 2in1 - Educational PAD for Kids,Learning Board 2in1 - Educational PAD for Kids Musical Board for Alphabet ABC Learning Toy Play Mat &amp; Drawing with One Doodle - DeoDap,1262,,,,,,,,,,,,g,,,TRUE,,,active
4602-learning-board-2in1-educational-pad-for-kids-musical-board-for-alphabet-abc-learning-toy-play-mat-drawing-with-one-doodle-pen,,,,,,,,,,,,,,,,,,,,,,,,,,,https://cdn.shopify.com/s/files/1/0782/3284/6646/products/01_dfea21e9-720d-4bb5-af9c-28f72a2bf318.jpg?v=1737634430,2,Educational board with musical alphabet and drawing mat,,,,,,,,,,,,,,,,,,,,,,
4602-learning-board-2in1-educational-pad-for-kids-musical-board-for-alphabet-abc-learning-toy-play-mat-drawing-with-one-doodle-pen,,,,,,,,,,,,,,,,,,,,,,,,,,,https://cdn.shopify.com/s/files/1/0782/3284/6646/products/02_3723de64-9c84-409a-be96-bca774a43f0e.jpg?v=1737634430,3,"Kids learning pad with ABCs, music, and drawing features",,,,,,,,,,,,,,,,,,,,,,
4602-learning-board-2in1-educational-pad-for-kids-musical-board-for-alphabet-abc-learning-toy-play-mat-drawing-with-one-doodle-pen,,,,,,,,,,,,,,,,,,,,,,,,,,,https://cdn.shopify.com/s/files/1/0782/3284/6646/products/03_49f5cc8f-e279-4e89-b4bb-818e65649e23.jpg?v=1737634430,4,Educational pad with doodle pen and musical notes,,,,,,,,,,,,,,,,,,,,,,
4602-learning-board-2in1-educational-pad-for-kids-musical-board-for-alphabet-abc-learning-toy-play-mat-drawing-with-one-doodle-pen,,,,,,,,,,,,,,,,,,,,,,,,,,,https://cdn.shopify.com/s/files/1/0782/3284/6646/products/04_4547ef6d-7c10-43ce-9ac4-26de11791452.jpg?v=1737634430,5,2-in-1 learning board for ABC and drawing,,,,,,,,,,,,,,,,,,,,,,
4602-learning-board-2in1-educational-pad-for-kids-musical-board-for-alphabet-abc-learning-toy-play-mat-drawing-with-one-doodle-pen,,,,,,,,,,,,,,,,,,,,,,,,,,,https://cdn.shopify.com/s/files/1/0782/3284/6646/products/05_536b0b6b-6cdf-411e-883a-89ac8615a3fb.jpg?v=1737634430,6,Musical educational board for kids with doodle pen,,,,,,,,,,,,,,,,,,,,,,
4602-learning-board-2in1-educational-pad-for-kids-musical-board-for-alphabet-abc-learning-toy-play-mat-drawing-with-one-doodle-pen,,,,,,,,,,,,,,,,,,,,,,,,,,,https://cdn.shopify.com/s/files/1/0782/3284/6646/products/06_09119506-b8cd-434f-8ca6-5c83e494d119.jpg?v=1737634430,7,Alphabet learning pad with play mat and music,,,,,,,,,,,,,,,,,,,,,,
4602-learning-board-2in1-educational-pad-for-kids-musical-board-for-alphabet-abc-learning-toy-play-mat-drawing-with-one-doodle-pen,,,,,,,,,,,,,,,,,,,,,,,,,,,https://cdn.shopify.com/s/files/1/0782/3284/6646/products/09_5d13f6ff-7a26-4a0a-bd0d-316bbdb46339.jpg?v=1737634430,8,Educational toy board with musical and drawing features,,,,,,,,,,,,,,,,,,,,,,
4602-learning-board-2in1-educational-pad-for-kids-musical-board-for-alphabet-abc-learning-toy-play-mat-drawing-with-one-doodle-pen,,,,,,,,,,,,,,,,,,,,,,,,,,,https://cdn.shopify.com/s/files/1/0782/3284/6646/products/07_606512a9-5ca5-4351-9472-73bec3bb6847.jpg?v=1737634431,9,Kids educational pad for learning and drawing,,,,,,,,,,,,,,,,,,,,,,
1257-multicolor-cartoon-design-baby-chair-with-metal-backrest-frame-sound-seated-soft-cushion-for-kids-toddlers-moq-4-pcs,Multicolor Cartoon Design Baby Chair with Metal Backrest Frame & Sound Seated Soft Cushion for kids & Toddlers (MOQ - 4 pcs),"<p><strong>Multicolor Cartoon Design Baby Chair with Metal Backrest Frame &amp; Sound Seated Soft Cushion for kids &amp; Toddlers (MOQ :-<span data-mce-fragment=""1""> </span>6 Pc<span data-mce-fragment=""1""> </span>)</strong></p>
<ul class=""a-unordered-list a-vertical a-spacing-mini"">
<li><span class=""a-list-item"">An ultra-essential pick for your active toddler, this chair will attract him into sitting on it.</span></li>
<li><span class=""a-list-item"">Cartoon print backrest and seat adds a fun touch to any room.</span></li>
<li><span class=""a-list-item"">Super comfortable plush foam padding makes it a cozy spot for kids to sit.</span></li>
<li><span class=""a-list-item"">Kids chair children seat yellow chair with metal frame and soft, comfortable (sponge layer)</span></li>
<li><span class=""a-list-item"">seat with cute designs,durable and strong</span></li>
<li><span class=""a-list-item"">Easy carry and high capacity</span></li>
<li><span class=""a-list-item""><span data-mce-fragment=""1"">Suitable for household</span></span></li>
<li><span class=""a-list-item""><span data-mce-fragment=""1"">We have the different color for your consideration.</span><br></span></li>
</ul>
<p><span class=""a-list-item""><strong>Dimension :- </strong><br><br> Volu. Weight (Gm) :- 7511<br><br> Product Weight (Gm) :- 741<br><br> Ship Weight (Gm) :- 7511<br><br> Length (Cm) :- 29<br> <br> Breadth (Cm) :- 35<br><br> Height (Cm) :- 37<br></span></p>",Shoppinest,,Baby Products,"Baby Care, Baby product, bulk_6, child, China, Loose, moq, Slow Sell, Toys For Kids",TRUE,Title,Default Title,,,,,,,,1257_kids_metal_chair,7511,shopify,deny,manual,668,1336,TRUE,TRUE,1257_kids_metal_chair,https://cdn.shopify.com/s/files/1/0782/3284/6646/products/03_d5813b04-58e4-4528-bf14-8bd8a87c4098.jpg?v=1737634432,1,Cartoon baby chair with metal backrest and soft cushion,FALSE,,,,,,,,,,,,,,,g,,,TRUE,,,active
1257-multicolor-cartoon-design-baby-chair-with-metal-backrest-frame-sound-seated-soft-cushion-for-kids-toddlers-moq-4-pcs,,,,,,,,,,,,,,,,,,,,,,,,,,,https://cdn.shopify.com/s/files/1/0782/3284/6646/products/01_67cb314d-7d17-4a05-9230-493ecdfa1875.jpg?v=1737634432,2,Multicolor baby chair with sound and metal frame,,,,,,,,,,,,,,,,,,,,,,
1257-multicolor-cartoon-design-baby-chair-with-metal-backrest-frame-sound-seated-soft-cushion-for-kids-toddlers-moq-4-pcs,,,,,,,,,,,,,,,,,,,,,,,,,,,https://cdn.shopify.com/s/files/1/0782/3284/6646/products/02_4f07aa77-c947-4077-b0f8-61a6fc20cf91.jpg?v=1737634432,3,Kids chair with cartoon design and metal backrest,,,,,,,,,,,,,,,,,,,,,,
1257-multicolor-cartoon-design-baby-chair-with-metal-backrest-frame-sound-seated-soft-cushion-for-kids-toddlers-moq-4-pcs,,,,,,,,,,,,,,,,,,,,,,,,,,,https://cdn.shopify.com/s/files/1/0782/3284/6646/products/04_91f4d122-5b40-44b4-8375-f48a4936cd20.jpg?v=1737634432,4,Soft cushion baby chair with colorful cartoon design,,,,,,,,,,,,,,,,,,,,,,
1257-multicolor-cartoon-design-baby-chair-with-metal-backrest-frame-sound-seated-soft-cushion-for-kids-toddlers-moq-4-pcs,,,,,,,,,,,,,,,,,,,,,,,,,,,https://cdn.shopify.com/s/files/1/0782/3284/6646/products/05_a92ff918-5bf8-47cd-bf8c-1bc6d5739592.jpg?v=1737634432,5,Toddler chair with metal backrest and sound feature,,,,,,,,,,,,,,,,,,,,,,
4480-ducks-climb-stairs-toy-roller-coaster-electric-duck-chasing-race-track-set-fun-duck-stair-climbing-toy-with-flashing-lights-music-and-3-ducks-small-ducks-climbing-toys,Duck Climb Stairs Toy Roller Coaster with Flashing Lights & Music (3 Ducks),"<p><span data-mce-fragment=""""><strong>4480 </strong></span><strong><span id="""" class="""">Ducks Climb Stairs Toy Roller Coaster, Electric Duck Chasing Race Track Set, Fun Duck Stair Climbing Toy with Flashing Lights Music and 3 Ducks, Small Ducks Climbing Toys</span></strong></p>
<p><span data-mce-fragment=""""><br><strong>Description :- </strong><br></span></p>
<ul class="""">
<li><span class="""">Endurable Material: Made of ABS materials, the Duck Rollercoaster Toy is safe, reliable, and durable for kids to play with. In addition, the toy has round and smooth edges.<br><br></span></li>
<li><span class="""">Special Design: The Duck Roller Coaster Toy set comes with flashing LED lights and music (with on/off button). And the ducks will climb the stairs along with the music, then slide tracks.<br><br></span></li>
<li><span class="""">Good for the Baby Development: The Duck Race Track Toy is designed with music for babies and toddlers to develop their visual perception, color recognition, and hand-eye coordination.<br><br></span></li>
<li><span class="""">Easy Installation: The Small Ducks Climbing Toy is portable and can be taken anywhere after disassembly. The assembly is simple and after being assembled in order, kids can start playing.<br><br></span></li>
<li><span class="""">Great Present Choice: The Ducks Climb Stairs Toy can be used as an excellent present for children and babies at beginning of school season, birthday, Easter, Children's Day, etc.</span></li>
</ul>
<p><br></p>
<p><span data-mce-fragment=""""><strong>Dimension :-<br><br>  </strong>Volu. Weight (Gm) :- 640<br data-mce-fragment=""""><br data-mce-fragment="""">  Product Weight (Gm) :- 322<br data-mce-fragment=""""><br data-mce-fragment="""">  Ship Weight (Gm) :- 640<br data-mce-fragment=""""><br data-mce-fragment="""">  Length (Cm) :- 18<br data-mce-fragment=""""><br data-mce-fragment="""">  Breadth (Cm) :- 7<br data-mce-fragment=""""><br data-mce-fragment="""">  Height (Cm) :- 25<strong><br data-mce-fragment=""""></strong></span></p>
<p><br>*color of the product is subjective</p>",Shoppinest,Toys & Games > Toys > Play Vehicles > Toy Race Car & Track Sets,Toys & Games,"Birthday Gift, child, China, color box pack, Ducktoy, gaming toys, Gift, kids, Kids & Baby Essentials, Musical Toys, Roller Coaster, Toys & Games, Toys For Kids",TRUE,Title,Default Title,,,,,,,,4480_duck_climb_stairs_toy,640,shopify,deny,manual,520,999,TRUE,TRUE,4480_duck_climb_stairs_toy,https://cdn.shopify.com/s/files/1/0782/3284/6646/files/02_189c4ebf-f4fb-463c-8283-e34b527b9ee8.jpg?v=1737634434,1,,FALSE,"4480  Ducks Climb Stairs Toy Roller Coaster, Electric","4480 Ducks Climb Stairs Toy Roller Coaster, Electric Duck Chasing Race Track Set, Fun Duck Stair Climbing Toy with Flashing Lights - DeoDap",3474,,,,,,,,,,,,g,,,TRUE,,,active
4480-ducks-climb-stairs-toy-roller-coaster-electric-duck-chasing-race-track-set-fun-duck-stair-climbing-toy-with-flashing-lights-music-and-3-ducks-small-ducks-climbing-toys,,,,,,,,,,,,,,,,,,,,,,,,,,,https://cdn.shopify.com/s/files/1/0782/3284/6646/files/01_d61a5462-f97b-4cb4-ba3f-ae0f591cc8bd.jpg?v=1737634434,2,,,,,,,,,,,,,,,,,,,,,,,
4480-ducks-climb-stairs-toy-roller-coaster-electric-duck-chasing-race-track-set-fun-duck-stair-climbing-toy-with-flashing-lights-music-and-3-ducks-small-ducks-climbing-toys,,,,,,,,,,,,,,,,,,,,,,,,,,,https://cdn.shopify.com/s/files/1/0782/3284/6646/files/06_ae5c2171-9976-476c-8173-29955470e327.jpg?v=1737634434,3,,,,,,,,,,,,,,,,,,,,,,,
4480-ducks-climb-stairs-toy-roller-coaster-electric-duck-chasing-race-track-set-fun-duck-stair-climbing-toy-with-flashing-lights-music-and-3-ducks-small-ducks-climbing-toys,,,,,,,,,,,,,,,,,,,,,,,,,,,https://cdn.shopify.com/s/files/1/0782/3284/6646/files/09_f13945de-ec43-49c6-9f4a-eb5cc59b4cd5.jpg?v=1737634434,4,,,,,,,,,,,,,,,,,,,,,,,
4480-ducks-climb-stairs-toy-roller-coaster-electric-duck-chasing-race-track-set-fun-duck-stair-climbing-toy-with-flashing-lights-music-and-3-ducks-small-ducks-climbing-toys,,,,,,,,,,,,,,,,,,,,,,,,,,,https://cdn.shopify.com/s/files/1/0782/3284/6646/files/08_37bfb738-3048-4e1c-9f44-5dfe9e5a93f7.jpg?v=1737634434,5,,,,,,,,,,,,,,,,,,,,,,,
4480-ducks-climb-stairs-toy-roller-coaster-electric-duck-chasing-race-track-set-fun-duck-stair-climbing-toy-with-flashing-lights-music-and-3-ducks-small-ducks-climbing-toys,,,,,,,,,,,,,,,,,,,,,,,,,,,https://cdn.shopify.com/s/files/1/0782/3284/6646/files/03_cdfd708d-15b7-47c4-8c01-179a07e19c5c.jpg?v=1737634434,6,,,,,,,,,,,,,,,,,,,,,,,
4480-ducks-climb-stairs-toy-roller-coaster-electric-duck-chasing-race-track-set-fun-duck-stair-climbing-toy-with-flashing-lights-music-and-3-ducks-small-ducks-climbing-toys,,,,,,,,,,,,,,,,,,,,,,,,,,,https://cdn.shopify.com/s/files/1/0782/3284/6646/files/04_a64b23bc-a9b7-4f51-bedc-2d59b214d7c1.jpg?v=1737634434,7,,,,,,,,,,,,,,,,,,,,,,,
4480-ducks-climb-stairs-toy-roller-coaster-electric-duck-chasing-race-track-set-fun-duck-stair-climbing-toy-with-flashing-lights-music-and-3-ducks-small-ducks-climbing-toys,,,,,,,,,,,,,,,,,,,,,,,,,,,https://cdn.shopify.com/s/files/1/0782/3284/6646/files/64ca6532-1350-4d10-ac09-c183c6820e09.jpg?v=1737634434,8,,,,,,,,,,,,,,,,,,,,,,,
6469_jaguar_mobile_stand,"Jaguar Leopard Shape Plastic Phone Clip, Mobile Phone Holder For Car Use","<strong>6469 Jaguar Leopard Shape Plastic Phone Clip, Mobile Phone Holder For Car Use <br></strong><span data-mce-fragment=""1""><br><br><strong>Description :- </strong></span>
<ul class=""a-unordered-list a-vertical a-spacing-mini"">
<li><span class=""a-list-item"">Car mount for phone extended arm can be used with a 6.5-inch mobile phone, and the elasticity is moderate, which can stably support any mobile phone.<br><br></span></li>
<li><span class=""a-list-item"">The fully 360-degree rotating phone car mount gives you the best view, and can adjust the display angle of the mobile phone screen, and rotates left and right without restriction.<br><br></span></li>
<li><span class=""a-list-item"">The unique leopard print shape can be used as a phone car mount or decoration with a high-value appearance.<br><br></span></li>
<li><span class=""a-list-item"">A highly usable and beautiful mobile phone holder will add a more advanced visual experience to your car.<br><br></span></li>
<li><span class=""a-list-item"">An easy-to-install, sturdy, non-slip, and highly applicable auto parts.</span></li>
</ul>
<span data-mce-fragment=""1""><br><strong>Dimension :- <br><br></strong>            Volu. Weight (Gm) :- 253<br data-mce-fragment=""1""> <br data-mce-fragment=""1"">            Product Weight (Gm) :- 107<br data-mce-fragment=""1""> <br data-mce-fragment=""1"">           Ship Weight (Gm) :- 253<br data-mce-fragment=""1""> <br data-mce-fragment=""1"">           Length (Cm) :- 15<br data-mce-fragment=""1""> <br data-mce-fragment=""1"">           Breadth (Cm) :- 9<br data-mce-fragment=""1""> <br data-mce-fragment=""1"">          Height (Cm) :- 9<br data-mce-fragment=""1""><strong><br></strong></span>",Shoppinest,Electronics > Communications > Telephony > Mobile & Smart Phone Accessories > Mobile Phone Stands,mobile accessories,"China, color box pack, Electronics, Mobile Holder & Stand, Mobiles Computers",TRUE,Title,Default Title,,,,,,,,6469_jaguar_mobile_stand,253,shopify,deny,manual,186,299,TRUE,TRUE,6469_jaguar_mobile_stand,https://cdn.shopify.com/s/files/1/0782/3284/6646/products/06_dd70765f-1d56-4bfb-b6f2-6bf803862176.jpg?v=1737634436,1,Learning board with musical and drawing elements,FALSE,"6469 Jaguar Leopard Shape Plastic Phone Clip, Mobile","6469 Jaguar Leopard Shape Plastic Phone Clip, Mobile Phone Holder For Car Use  Description :-  Car mount for phone extended arm - DeoDap",5566,,,,,,,,,,,,g,,,TRUE,,,active
6469_jaguar_mobile_stand,,,,,,,,,,,,,,,,,,,,,,,,,,,https://cdn.shopify.com/s/files/1/0782/3284/6646/products/01_53b6ce3c-72c8-49a3-9fa2-b4bf0cef91fd.jpg?v=1737634436,2,Plastic phone holder shaped like a jaguar or leopard,,,,,,,,,,,,,,,,,,,,,,
6469_jaguar_mobile_stand,,,,,,,,,,,,,,,,,,,,,,,,,,,https://cdn.shopify.com/s/files/1/0782/3284/6646/products/09_09a74247-4b71-4fa3-9e6f-1b5cef57c53b.jpg?v=1737634436,3,Jaguar-shaped phone clip for car use,,,,,,,,,,,,,,,,,,,,,,
6469_jaguar_mobile_stand,,,,,,,,,,,,,,,,,,,,,,,,,,,https://cdn.shopify.com/s/files/1/0782/3284/6646/products/04_541575dc-06c7-48bc-9dda-e967ce9dfaee.jpg?v=1737634436,4,Mobile phone holder in the shape of a leopard,,,,,,,,,,,,,,,,,,,,,,
6469_jaguar_mobile_stand,,,,,,,,,,,,,,,,,,,,,,,,,,,https://cdn.shopify.com/s/files/1/0782/3284/6646/products/05_7268f69e-9632-404a-81b2-169f698c3cb4.jpg?v=1737634436,5,Car phone clip with jaguar design,,,,,,,,,,,,,,,,,,,,,,
6469_jaguar_mobile_stand,,,,,,,,,,,,,,,,,,,,,,,,,,,https://cdn.shopify.com/s/files/1/0782/3284/6646/products/03_ed5e5028-fc70-4922-a3ff-2fe293dbc2ef.jpg?v=1737634437,6,Phone holder with a leopard or jaguar design,,,,,,,,,,,,,,,,,,,,,,
6469_jaguar_mobile_stand,,,,,,,,,,,,,,,,,,,,,,,,,,,https://cdn.shopify.com/s/files/1/0782/3284/6646/products/08_8544c4d1-80fc-42fd-9f7a-44b150a25e54.jpg?v=1737634437,7,Car phone clip shaped like a jaguar,,,,,,,,,,,,,,,,,,,,,,
6469_jaguar_mobile_stand,,,,,,,,,,,,,,,,,,,,,,,,,,,https://cdn.shopify.com/s/files/1/0782/3284/6646/products/02_bdda2e5c-153d-4bec-9ecc-8b3f7a526cd9.jpg?v=1737634437,8,Mobile phone holder with a stylish jaguar design,,,,,,,,,,,,,,,,,,,,,,
6469_jaguar_mobile_stand,,,,,,,,,,,,,,,,,,,,,,,,,,,https://cdn.shopify.com/s/files/1/0782/3284/6646/products/07_0055b73f-b0e2-4e88-a762-e87ab3f47641.jpg?v=1737634437,9,Plastic phone clip with a jaguar pattern,,,,,,,,,,,,,,,,,,,,,,
1224l_ind_face_ice_roller,"Beauty Ice Roller for Face & Eye Massager (Reusable, Loose)","<p><strong>1224L BEAUTY ICE ROLLER FOR FACE MASSAGER &amp; EYE REUSABLE FACE ROLLERS FACIAL ROLLER ( Loose )<br></strong><span data-mce-fragment=""1""><br><br><strong>Description :- </strong><br><br></span></p>
<p><span data-mce-fragment=""1"">It can be used for daily care, moisturizing, removing bags under the eyes, etc. and can be used after facial treatments. It refreshes and calms the skin, shrinks pores, promotes blood circulation in the skin, lubricates the skin, and creates a healthy glow for the skin by stimulating blood circulation, allowing you to fully enjoy comfort and beauty.</span></p>
<ul class=""a-unordered-list a-vertical a-spacing-mini"">
<li><span class=""a-list-item"">Suitable for various situations, can massage face, eyes, back cleansing. Diamond-cutter shade exterior design, easy to hold.<br><br></span></li>
<li><span class=""a-list-item"">This ice roller is made of high-quality silicone material, which is repeatable and durable. New beauty care product, massage face &amp; body, physical cooling, soothe the skin.<br><br></span></li>
<li><span class=""a-list-item"">Suitable for All Skin Types. Reduce blood redness, remove puffiness and fine lines, shrink pores and lubricate the skin, improve Skin Problems. <br><br></span></li>
<li><span class=""a-list-item"">This ice face roller for face can reduce the occurrence of acne, remove fine lines, applying ice to the face can effectively restore smooth, improve your skin problem.<br><br></span></li>
<li><span class=""a-list-item"">Very comfortable to hold. Small and light design, easy to use. Easy to grasp, About usage: fill the cube with water.</span></li>
</ul>
<p><span data-mce-fragment=""1""><br><br><strong>Dimension :- <br> <br></strong>         Volu. Weight (Gm) :- 46<br data-mce-fragment=""1""><br data-mce-fragment=""1"">         Product Weight (Gm) :- 45<br data-mce-fragment=""1""><br data-mce-fragment=""1"">          Ship Weight (Gm) :- 46<br data-mce-fragment=""1""><br data-mce-fragment=""1"">          Length (Cm) :- 10<br data-mce-fragment=""1""><br data-mce-fragment=""1"">         Breadth (Cm) :- 6<br data-mce-fragment=""1""><br data-mce-fragment=""1"">          Height (Cm) :- 3<strong><br data-mce-fragment=""1""><br></strong></span></p>",Shoppinest,Health & Beauty > Personal Care > Cosmetics > Cosmetic Tools > Skin Care Tools > Skin Care Rollers,Health & Personal Care,"Beauty, Beauty  Health Grocery, face, face massager, face roller, Health & Beauty, Health & Personal Care, ice roller, INDIA, Loose, Personal Care, roller, summer 2024, Summer Class, summer season, Viral Gadget",TRUE,Title,Default Title,,,,,,,,1224l_ind_face_ice_roller,46,shopify,deny,manual,36,299,TRUE,TRUE,1224l_ind_face_ice_roller,https://cdn.shopify.com/s/files/1/0782/3284/6646/files/1224a_ind_face_ice_roller_b3bf911e-f8c9-420d-bc7d-dce7a06550b6.jpg?v=1745483424,1,,FALSE,Buy Beauty Ice Roller for Face & Eye Massage,"Enhance your skincare routine with DeoDap's beauty ice roller for face & eye massager, designed for soothing and refreshing massages. Order now!",7018,,,,,,,,,,,,g,,,TRUE,,,active
1224l_ind_face_ice_roller,,,,,,,,,,,,,,,,,,,,,,,,,,,https://cdn.shopify.com/s/files/1/0782/3284/6646/products/10_006da5e9-689b-42d8-aaf4-e45601a79b0d.jpg?v=1745483424,2,Ice roller for face and eye massage with reusable design,,,,,,,,,,,,,,,,,,,,,,
1224l_ind_face_ice_roller,,,,,,,,,,,,,,,,,,,,,,,,,,,https://cdn.shopify.com/s/files/1/0782/3284/6646/products/02_94fe8ae3-7552-4cf8-b017-3e3efb2e08a8.jpg?v=1745483424,3,Reusable facial ice roller for massaging,,,,,,,,,,,,,,,,,,,,,,
1224l_ind_face_ice_roller,,,,,,,,,,,,,,,,,,,,,,,,,,,https://cdn.shopify.com/s/files/1/0782/3284/6646/products/06_88c7456a-0d7f-4f26-b307-cc1a0999486e.jpg?v=1745483424,4,Facial roller with reusable ice feature,,,,,,,,,,,,,,,,,,,,,,
1224l_ind_face_ice_roller,,,,,,,,,,,,,,,,,,,,,,,,,,,https://cdn.shopify.com/s/files/1/0782/3284/6646/products/03_b4d28736-5884-4448-8925-fc6bfd5ce808.jpg?v=1745483419,5,Facial massager roller with ice pack for cooling,,,,,,,,,,,,,,,,,,,,,,
1224l_ind_face_ice_roller,,,,,,,,,,,,,,,,,,,,,,,,,,,https://cdn.shopify.com/s/files/1/0782/3284/6646/products/04_217bb426-4c81-41f8-85b6-4016fd5ee0d0.jpg?v=1745483419,6,Eye and face roller with cooling gel,,,,,,,,,,,,,,,,,,,,,,
1224l_ind_face_ice_roller,,,,,,,,,,,,,,,,,,,,,,,,,,,https://cdn.shopify.com/s/files/1/0782/3284/6646/products/05_dd2e9514-24c1-4876-bd58-0ff3a51ac21e.jpg?v=1745483419,7,Ice roller for facial care and massage,,,,,,,,,,,,,,,,,,,,,,
1224l_ind_face_ice_roller,,,,,,,,,,,,,,,,,,,,,,,,,,,https://cdn.shopify.com/s/files/1/0782/3284/6646/products/07_30034544-3978-46d6-bbad-16880fe75974.jpg?v=1745483419,8,Reusable facial ice roller for refreshing skincare,,,,,,,,,,,,,,,,,,,,,,
1224l_ind_face_ice_roller,,,,,,,,,,,,,,,,,,,,,,,,,,,https://cdn.shopify.com/s/files/1/0782/3284/6646/products/08_4cbf1982-e9b7-4f6d-b9a0-13013faaf40b.jpg?v=1745483419,9,Facial massager roller with ice for cooling effect,,,,,,,,,,,,,,,,,,,,,,
1224l_ind_face_ice_roller,,,,,,,,,,,,,,,,,,,,,,,,,,,https://cdn.shopify.com/s/files/1/0782/3284/6646/files/110728e8-dae4-42d7-9916-0662de61b7d5.jpg?v=1745483419,10,Ice roller,,,,,,,,,,,,,,,,,,,,,,
9047-shower-head-multi-function-plastic-high-pressure-shower-spray-for-bathroom,Shower Head Multi-Function Plastic High Pressure Shower Spray for Bathroom,"<strong>9047 Shower Head Multi-Function Plastic High Pressure Shower Spray for Bathroom<br></strong><span><span><br><br><strong>Description :- </strong><br><br></span></span>
<ul class=""a-unordered-list a-vertical a-spacing-mini"">
<li><span class=""a-list-item"">MULTI SPRAY EXPERIENCE: Enrich your experience in the shower with the NEW rainduet Mist showerhead. Its unique Mist spray gently caresses and soothes your skin leaving you restored and rejuvenated at any time during the day. Mist spray energizes you from spent to confident giving an exceptional experience when you feel the embrace of a fine spray on your body. Including Mist you can switch between 3 unique spray settings.<br><br></span></li>
<li><span class=""a-list-item"">FULL COVERAGE SPRAY: Produces a wide encompassing spray for an indulgent, luxurious showering experience, with a sizeable spray face area that thoroughly drenches and cleanses. Ideal for everyday use.<br><br></span></li>
<li><span class=""a-list-item"">POWERFUL MASSAGE SPRAY: It is a focused stream that targets sore muscles, or use as a utility spray to rinse kids, pets, and your shower.<br><br></span></li>
<li><span class=""a-list-item"">MIST &amp; FULL COVERAGE COMBINATION SPRAY: A combination spray while providing a full coverage, maintains a soothing mist at the center to elevate the bathing experience be it for tender areas such as washing face or just standing under the shower to feel the caress of the mist spray.<br><br></span></li>
<li><span class=""a-list-item"">POWERFUL MASSAGE &amp; FULL COVERAGE COMBINATION SPRAY: A warm, targeted stream combined with invigorating and equally distributed spray coverage regardless of water pressure.<br><br></span></li>
<li><span class=""a-list-item"">MASTERCLEAN SPRAYFACE: Features an easy-to-clean surface with silicon nozzles that withstands mineral buildup.</span></li>
</ul>
<span><br><strong>Dimension :- <br><br></strong>        Volu. Weight (Gm) :- 366<br data-mce-fragment=""1""> <br data-mce-fragment=""1"">        Product Weight (Gm) :- 128<br data-mce-fragment=""1""> <br data-mce-fragment=""1"">        Ship Weight (Gm) :- 366<br data-mce-fragment=""1""> <br data-mce-fragment=""1"">        Length (Cm) :- 27<br data-mce-fragment=""1""> <br data-mce-fragment=""1"">        Breadth (Cm) :- 11<br data-mce-fragment=""1""> <br data-mce-fragment=""1"">        Height (Cm) :- 6<strong><br data-mce-fragment=""1""><br></strong></span>",Shoppinest,Uncategorized,Home & Kitchen,"Bathroom Accessories, China",TRUE,Title,Default Title,,,,,,,,9047_shower_head,366,shopify,deny,manual,128,299,TRUE,TRUE,9047_shower_head,https://cdn.shopify.com/s/files/1/0782/3284/6646/products/08_ab21f72d-6c7a-424c-84a6-ea239170e320.jpg?v=1737634441,1,Plastic shower head with multi-function spray options,FALSE,9047 Shower Head Multi-Function Plastic High Pressure,9047 Shower Head Multi-Function Plastic High Pressure Shower Spray for Bathroom Description :-  MULTI SPRAY EXPERIENCE: Enrich your - DeoDap,,,,,,,,,,,,,g,,,TRUE,,,active
9047-shower-head-multi-function-plastic-high-pressure-shower-spray-for-bathroom,,,,,,,,,,,,,,,,,,,,,,,,,,,https://cdn.shopify.com/s/files/1/0782/3284/6646/products/WhatsAppImage2023-02-02at5.31.19PM_c1c8eb64-f11c-4ee9-9dc0-f280a8393a98.jpg?v=1737634441,2,High-pressure shower head with a plastic build,,,,,,,,,,,,,,,,,,,,,,
9047-shower-head-multi-function-plastic-high-pressure-shower-spray-for-bathroom,,,,,,,,,,,,,,,,,,,,,,,,,,,https://cdn.shopify.com/s/files/1/0782/3284/6646/products/03_0c688813-b370-4581-93fe-a806cdca6712.jpg?v=1737634441,3,Bathroom shower head with various spray settings,,,,,,,,,,,,,,,,,,,,,,
9047-shower-head-multi-function-plastic-high-pressure-shower-spray-for-bathroom,,,,,,,,,,,,,,,,,,,,,,,,,,,https://cdn.shopify.com/s/files/1/0782/3284/6646/products/04_0a9fb774-6221-4329-a5db-c5076e23d5b1.jpg?v=1737634441,4,Multi-function shower spray head with high pressure,,,,,,,,,,,,,,,,,,,,,,
9047-shower-head-multi-function-plastic-high-pressure-shower-spray-for-bathroom,,,,,,,,,,,,,,,,,,,,,,,,,,,https://cdn.shopify.com/s/files/1/0782/3284/6646/products/07_a5dc88d9-d264-4e34-b1db-752a41455d82.jpg?v=1737634441,5,Plastic high-pressure shower head with multiple settings,,,,,,,,,,,,,,,,,,,,,,
9047-shower-head-multi-function-plastic-high-pressure-shower-spray-for-bathroom,,,,,,,,,,,,,,,,,,,,,,,,,,,https://cdn.shopify.com/s/files/1/0782/3284/6646/products/02_2bbef6dc-c923-4a0b-be02-bbd2f3e9d12a.jpg?v=1737634441,6,Shower head with different spray modes for bathroom use,,,,,,,,,,,,,,,,,,,,,,
9047-shower-head-multi-function-plastic-high-pressure-shower-spray-for-bathroom,,,,,,,,,,,,,,,,,,,,,,,,,,,https://cdn.shopify.com/s/files/1/0782/3284/6646/products/05_94a9f359-e65c-4b5d-9f4a-2ce7be2a96a0.jpg?v=1737634442,7,High-pressure shower spray with ergonomic handle,,,,,,,,,,,,,,,,,,,,,,
9047-shower-head-multi-function-plastic-high-pressure-shower-spray-for-bathroom,,,,,,,,,,,,,,,,,,,,,,,,,,,https://cdn.shopify.com/s/files/1/0782/3284/6646/products/06_c8926927-af52-4141-84cd-948226f6c206.jpg?v=1737634442,8,Multi-function plastic shower head with adjustable settings,,,,,,,,,,,,,,,,,,,,,,
7126-oil-sprayer-dispenser-oil-versatile-glass-spray-bottle-for-cooking-multi-use-bottle,Oil Sprayer Dispenser Glass Bottle for Cooking & Multi-Use,"<strong>7126 Oil Sprayer Dispenser, Oil Versatile Glass Spray Bottle For Cooking &amp; Multi Use Bottle<br></strong><span data-mce-fragment=""1""><br><br><strong>Description :-</strong><br></span>
<ul class=""a-unordered-list a-vertical a-spacing-mini"">
<li><span class=""a-list-item"">A set contains  Oil Sprayer Dispenser of 100ml capacity :  which can be filled with different oils, which is convenient to distinguish and looks more high-end.<br><br></span></li>
<li><span class=""a-list-item"">Made from high quality glass, 100% food safe, BPA free and eco-friendly, Smart design of transparent glass pot, you can tell the amount of remaining liquid easily.<br><br></span></li>
<li><span class=""a-list-item"">Widely used for various cooking purposes in the kitchen ,Baking, Roasting, Grilling, Frying, BBQ and so on. Fill this sprayer with your favorite oils, sunflower oil, vinegar, soy sauce, lemon juice.<br><br></span></li>
<li><span class=""a-list-item"">Our oil sprayer dispenser very easy to use and clean ,the oil sprayer produces an even, pure mist make your foods look more beautiful and taste well. And you can clean the bottle easily just unscrew the lid warm water.<br><br></span></li>
<li><span class=""a-list-item"">Please feel free to contact us if you have any questions. We look forward to bringing you a good experience and hope you can have a pleasant shopping experience.</span></li>
</ul>
<span data-mce-fragment=""1""><br><strong>Dimension :- <br><br></strong>                    Volu. Weight (Gm) :- 105<br data-mce-fragment=""1""> <br data-mce-fragment=""1"">                    Product Weight (Gm) :- 162<br data-mce-fragment=""1""> <br data-mce-fragment=""1"">                    Ship Weight (Gm) :- 162<br data-mce-fragment=""1""> <br data-mce-fragment=""1"">                    Length (Cm) :- 5<br data-mce-fragment=""1""> <br data-mce-fragment=""1"">                    Breadth (Cm) :- 5<br data-mce-fragment=""1""> <br data-mce-fragment=""1"">                    Height (Cm) :- 19<br data-mce-fragment=""1""><strong><br></strong></span>",Shoppinest,Home & Garden > Kitchen & Dining > Kitchen Tools & Utensils > Oil & Vinegar Dispensers > Oil Dispensers,Home & Kitchen,"China, color box pack, dispenser, Kitchen, Kitchen  Tools, Kitchen Accessories, oil, oil brush, oil dispenser",TRUE,Title,Default Title,,,,,,,,7126_cooking_oil_spraye_100ml,162,shopify,deny,manual,140,299,TRUE,TRUE,7126_cooking_oil_spraye_100ml,https://cdn.shopify.com/s/files/1/0782/3284/6646/products/02_e0107ddc-73d9-4399-977c-42ccaf3a2c08.jpg?v=1746765125,1,Multi-use oil spray bottle,FALSE,,,6526,,,,,,,,,,,,g,,,TRUE,,,active
7126-oil-sprayer-dispenser-oil-versatile-glass-spray-bottle-for-cooking-multi-use-bottle,,,,,,,,,,,,,,,,,,,,,,,,,,,https://cdn.shopify.com/s/files/1/0782/3284/6646/products/01_a74064c6-e468-4b6c-9739-9403829be4c9.jpg?v=1746765125,2,Versatile oil bottle,,,,,,,,,,,,,,,,,,,,,,
7126-oil-sprayer-dispenser-oil-versatile-glass-spray-bottle-for-cooking-multi-use-bottle,,,,,,,,,,,,,,,,,,,,,,,,,,,https://cdn.shopify.com/s/files/1/0782/3284/6646/products/06_b8e42dc2-03d3-4248-a373-e92d95dae233.jpg?v=1746765125,3,Oil sprayer dispenser,,,,,,,,,,,,,,,,,,,,,,
7126-oil-sprayer-dispenser-oil-versatile-glass-spray-bottle-for-cooking-multi-use-bottle,,,,,,,,,,,,,,,,,,,,,,,,,,,https://cdn.shopify.com/s/files/1/0782/3284/6646/products/07_f609ade1-dbf8-443d-b9b0-8380d2fad1c4.jpg?v=1746765125,4,Glass spray bottle for cooking,,,,,,,,,,,,,,,,,,,,,,
7126-oil-sprayer-dispenser-oil-versatile-glass-spray-bottle-for-cooking-multi-use-bottle,,,,,,,,,,,,,,,,,,,,,,,,,,,https://cdn.shopify.com/s/files/1/0782/3284/6646/products/03_6684fafd-14a1-4dd9-b35c-e753192719fd.jpg?v=1746765124,5,Cooking oil sprayer,,,,,,,,,,,,,,,,,,,,,,
7126-oil-sprayer-dispenser-oil-versatile-glass-spray-bottle-for-cooking-multi-use-bottle,,,,,,,,,,,,,,,,,,,,,,,,,,,https://cdn.shopify.com/s/files/1/0782/3284/6646/products/04_c854428e-5945-448a-9abf-0dd6a1e4c6b4.jpg?v=1737634444,6,Glass spray dispenser,,,,,,,,,,,,,,,,,,,,,,
7126-oil-sprayer-dispenser-oil-versatile-glass-spray-bottle-for-cooking-multi-use-bottle,,,,,,,,,,,,,,,,,,,,,,,,,,,https://cdn.shopify.com/s/files/1/0782/3284/6646/products/05_985de5f6-5bc9-465f-8633-e7db9d18bfff.jpg?v=1737634444,7,Oil spray bottle for cooking,,,,,,,,,,,,,,,,,,,,,,
5223_cnp_2glass_n_holder,2 Wine Glasses & Marble Holder - Attractive Design for Hotels & Cafes,"<span data-mce-fragment=""1""><strong>5223 2Wine Glass &amp; Marble Holder New &amp; Attractive Design For Hotel &amp; Cafés Use  </strong><br><br><strong>Description :- </strong><br></span>
<ul class=""a-unordered-list a-vertical a-spacing-mini"">
<li><span class=""a-list-item"">2 Glass &amp; Marble Holder <br><br></span></li>
<li><span class=""a-list-item"">Tall, iconic glass shape defined by clean, modern lines with a light, elegant palm-feel<br><br></span></li>
<li><span class=""a-list-item"">Expansive matching set, perfect for large dinner parties<br><br></span></li>
<li><span class=""a-list-item"">Glass is Best Choice For Gift <br><br></span></li>
<li><span class=""a-list-item"">Lead-free<br><br></span></li>
<li><span class=""a-list-item"">Durable and dishwasher safe for quick, easy cleanup; to help preserve your products, please refer to the Libbey website for care and handling instructions</span></li>
</ul>
<span data-mce-fragment=""1""><br><strong>Dimension :- <br><br></strong>              Volu. Weight (Gm) :- 2012<br data-mce-fragment=""1""><br data-mce-fragment=""1"">              Product Weight (Gm) :- 1309<br data-mce-fragment=""1""><br data-mce-fragment=""1"">              Ship Weight (Gm) :- 2012<br data-mce-fragment=""1""><br data-mce-fragment=""1"">             Length (Cm) :- 26<br data-mce-fragment=""1""><br data-mce-fragment=""1"">             Breadth (Cm) :- 35<br data-mce-fragment=""1""><br data-mce-fragment=""1"">             Height (Cm) :- 11<strong><br data-mce-fragment=""1""><br></strong></span>",Shoppinest,Home & Garden > Kitchen & Dining > Barware > Wine Bottle Holders,Home & Kitchen,"brown box pack, China, Kitchen Tools, Marble Holder, one time lot product, wine bottle holder, Wine Glasses",TRUE,Title,Default Title,,,,,,,,5223_cnp_2glass_n_holder,2000,shopify,deny,manual,722,1444,TRUE,TRUE,5223_cnp_2glass_n_holder,https://cdn.shopify.com/s/files/1/0782/3284/6646/products/03_71253fc3-c4d2-4f9c-a331-b467aeadd21c.jpg?v=1686747489,1,Wine glass holder design,FALSE,5223 2Wine  Glass & Marbal Holder New & Attractive,5223 2Wine  Glass &amp; Marbal Holder New &amp; Attractive Design For Hotel &amp; Cafes Use   Description :-  2 Glass &amp; Marbal - B&T Kustom Designs,8493,,,,,,,,,,,,g,,,TRUE,,,active
5223_cnp_2glass_n_holder,,,,,,,,,,,,,,,,,,,,,,,,,,,https://cdn.shopify.com/s/files/1/0782/3284/6646/products/01_ef7cad6a-aebb-4ad9-b3b4-4b62b98ddda1.jpg?v=1686747489,2,Marble glass holder,,,,,,,,,,,,,,,,,,,,,,
5223_cnp_2glass_n_holder,,,,,,,,,,,,,,,,,,,,,,,,,,,https://cdn.shopify.com/s/files/1/0782/3284/6646/products/07_ffa1eb3e-1ea5-4191-b2da-00abea7e4ad2.jpg?v=1686747489,3,Hotel glass holder,,,,,,,,,,,,,,,,,,,,,,
5223_cnp_2glass_n_holder,,,,,,,,,,,,,,,,,,,,,,,,,,,https://cdn.shopify.com/s/files/1/0782/3284/6646/products/05_4004c27a-cea4-482a-8249-2da22869d8a9.jpg?v=1686747489,4,Cafe glass holder design,,,,,,,,,,,,,,,,,,,,,,
5223_cnp_2glass_n_holder,,,,,,,,,,,,,,,,,,,,,,,,,,,https://cdn.shopify.com/s/files/1/0782/3284/6646/products/06_7463443a-4bbb-4bd1-8267-2fd59557bec7.jpg?v=1686747489,5,Attractive marble holder,,,,,,,,,,,,,,,,,,,,,,
5223_cnp_2glass_n_holder,,,,,,,,,,,,,,,,,,,,,,,,,,,https://cdn.shopify.com/s/files/1/0782/3284/6646/products/02_5aeb398f-22ed-4b00-b327-4dc92830a2e7.jpg?v=1686747489,6,New wine glass holder,,,,,,,,,,,,,,,,,,,,,,
5223_cnp_2glass_n_holder,,,,,,,,,,,,,,,,,,,,,,,,,,,https://cdn.shopify.com/s/files/1/0782/3284/6646/products/08_56f126a1-2bd4-47b8-a5b5-f8761a3f3b3f.jpg?v=1686747489,7,Glass holder for cafes,,,,,,,,,,,,,,,,,,,,,,
5223_cnp_2glass_n_holder,,,,,,,,,,,,,,,,,,,,,,,,,,,https://cdn.shopify.com/s/files/1/0782/3284/6646/products/04_38feef4a-f293-46e0-95c7-5c6d4dd778d5.jpg?v=1686747489,8,Hotel and cafe glass holder,,,,,,,,,,,,,,,,,,,,,,
